{
  "model": "tfidf_logreg",
  "split": "test",
  "num_examples": 2000,
  "accuracy": 0.848,
  "macro_f1": 0.7676080259072359,
  "weighted_f1": 0.8411916529130592,
  "label_names": [
    "sadness",
    "joy",
    "love",
    "anger",
    "fear",
    "surprise"
  ],
  "per_class": {
    "sadness": {
      "precision": 0.87893864013267,
      "recall": 0.9122203098106713,
      "f1": 0.8952702702702703,
      "support": 581
    },
    "joy": {
      "precision": 0.8075060532687651,
      "recall": 0.9597122302158273,
      "f1": 0.8770545693622617,
      "support": 695
    },
    "love": {
      "precision": 0.8141592920353983,
      "recall": 0.5786163522012578,
      "f1": 0.6764705882352942,
      "support": 159
    },
    "anger": {
      "precision": 0.899581589958159,
      "recall": 0.7818181818181819,
      "f1": 0.8365758754863813,
      "support": 275
    },
    "fear": {
      "precision": 0.8795811518324608,
      "recall": 0.75,
      "f1": 0.8096385542168675,
      "support": 224
    },
    "surprise": {
      "precision": 0.8571428571428571,
      "recall": 0.36363636363636365,
      "f1": 0.5106382978723404,
      "support": 66
    }
  }
}