{
  "model": "tfidf_logreg",
  "split": "test",
  "num_examples": 2000,
  "accuracy": 0.8715,
  "macro_f1": 0.8235962606960124,
  "weighted_f1": 0.8719528888789706,
  "label_names": [
    "sadness",
    "joy",
    "love",
    "anger",
    "fear",
    "surprise"
  ],
  "per_class": {
    "sadness": {
      "precision": 0.9187279151943463,
      "recall": 0.8950086058519794,
      "f1": 0.9067131647776809,
      "support": 581
    },
    "joy": {
      "precision": 0.9234303215926493,
      "recall": 0.8676258992805755,
      "f1": 0.8946587537091988,
      "support": 695
    },
    "love": {
      "precision": 0.7098445595854922,
      "recall": 0.8616352201257862,
      "f1": 0.7784090909090909,
      "support": 159
    },
    "anger": {
      "precision": 0.8305647840531561,
      "recall": 0.9090909090909091,
      "f1": 0.8680555555555556,
      "support": 275
    },
    "fear": {
      "precision": 0.8297872340425532,
      "recall": 0.8705357142857143,
      "f1": 0.8496732026143791,
      "support": 224
    },
    "surprise": {
      "precision": 0.7307692307692307,
      "recall": 0.5757575757575758,
      "f1": 0.6440677966101694,
      "support": 66
    }
  }
}