{
  "model": "tfidf_logreg",
  "split": "test",
  "num_examples": 2000,
  "accuracy": 0.875,
  "macro_f1": 0.8379904786387574,
  "weighted_f1": 0.8768534602738459,
  "label_names": [
    "sadness",
    "joy",
    "love",
    "anger",
    "fear",
    "surprise"
  ],
  "per_class": {
    "sadness": {
      "precision": 0.9310344827586207,
      "recall": 0.882960413080895,
      "f1": 0.9063604240282686,
      "support": 581
    },
    "joy": {
      "precision": 0.9088235294117647,
      "recall": 0.8892086330935252,
      "f1": 0.8989090909090909,
      "support": 695
    },
    "love": {
      "precision": 0.7098445595854922,
      "recall": 0.8616352201257862,
      "f1": 0.7784090909090909,
      "support": 159
    },
    "anger": {
      "precision": 0.8652482269503546,
      "recall": 0.8872727272727273,
      "f1": 0.8761220825852782,
      "support": 275
    },
    "fear": {
      "precision": 0.8840579710144928,
      "recall": 0.8169642857142857,
      "f1": 0.8491879350348028,
      "support": 224
    },
    "surprise": {
      "precision": 0.632183908045977,
      "recall": 0.8333333333333334,
      "f1": 0.7189542483660131,
      "support": 66
    }
  }
}