{
  "model": "lstm",
  "split": "test",
  "num_examples": 2000,
  "accuracy": 0.898,
  "macro_f1": 0.8555755409606669,
  "weighted_f1": 0.8975478726013849,
  "label_names": [
    "sadness",
    "joy",
    "love",
    "anger",
    "fear",
    "surprise"
  ],
  "per_class": {
    "sadness": {
      "precision": 0.9396551724137931,
      "recall": 0.9380378657487092,
      "f1": 0.9388458225667528,
      "support": 581
    },
    "joy": {
      "precision": 0.889344262295082,
      "recall": 0.9366906474820144,
      "f1": 0.9124036440084092,
      "support": 695
    },
    "love": {
      "precision": 0.7677419354838709,
      "recall": 0.7484276729559748,
      "f1": 0.7579617834394905,
      "support": 159
    },
    "anger": {
      "precision": 0.932806324110672,
      "recall": 0.8581818181818182,
      "f1": 0.8939393939393939,
      "support": 275
    },
    "fear": {
      "precision": 0.908256880733945,
      "recall": 0.8839285714285714,
      "f1": 0.8959276018099548,
      "support": 224
    },
    "surprise": {
      "precision": 0.7580645161290323,
      "recall": 0.7121212121212122,
      "f1": 0.734375,
      "support": 66
    }
  }
}