{
  "model": "lstm",
  "split": "test",
  "num_examples": 2000,
  "accuracy": 0.882,
  "macro_f1": 0.8431379993281097,
  "weighted_f1": 0.8853601576084409,
  "label_names": [
    "sadness",
    "joy",
    "love",
    "anger",
    "fear",
    "surprise"
  ],
  "per_class": {
    "sadness": {
      "precision": 0.9773156899810964,
      "recall": 0.8898450946643718,
      "f1": 0.9315315315315316,
      "support": 581
    },
    "joy": {
      "precision": 0.9149253731343283,
      "recall": 0.8820143884892087,
      "f1": 0.8981684981684982,
      "support": 695
    },
    "love": {
      "precision": 0.663594470046083,
      "recall": 0.9056603773584906,
      "f1": 0.7659574468085106,
      "support": 159
    },
    "anger": {
      "precision": 0.8719723183391004,
      "recall": 0.9163636363636364,
      "f1": 0.8936170212765957,
      "support": 275
    },
    "fear": {
      "precision": 0.9,
      "recall": 0.8035714285714286,
      "f1": 0.8490566037735849,
      "support": 224
    },
    "surprise": {
      "precision": 0.6105263157894737,
      "recall": 0.8787878787878788,
      "f1": 0.7204968944099379,
      "support": 66
    }
  }
}