{
  "model": "lstm",
  "split": "test",
  "num_examples": 2000,
  "accuracy": 0.8855,
  "macro_f1": 0.8492095096011797,
  "weighted_f1": 0.8883019368699808,
  "label_names": [
    "sadness",
    "joy",
    "love",
    "anger",
    "fear",
    "surprise"
  ],
  "per_class": {
    "sadness": {
      "precision": 0.9527272727272728,
      "recall": 0.9018932874354562,
      "f1": 0.9266136162687887,
      "support": 581
    },
    "joy": {
      "precision": 0.9490445859872612,
      "recall": 0.8575539568345324,
      "f1": 0.9009826152683296,
      "support": 695
    },
    "love": {
      "precision": 0.6866359447004609,
      "recall": 0.9371069182389937,
      "f1": 0.7925531914893617,
      "support": 159
    },
    "anger": {
      "precision": 0.8372093023255814,
      "recall": 0.9163636363636364,
      "f1": 0.875,
      "support": 275
    },
    "fear": {
      "precision": 0.8949771689497716,
      "recall": 0.875,
      "f1": 0.8848758465011287,
      "support": 224
    },
    "surprise": {
      "precision": 0.6352941176470588,
      "recall": 0.8181818181818182,
      "f1": 0.7152317880794702,
      "support": 66
    }
  }
}