{
  "max_vocab": 20000,
  "actual_vocab_size": 15214,
  "max_length": 80,
  "embedding_dim": 128,
  "hidden_dim": 128,
  "num_layers": 1,
  "class_weights": [
    0.5715102157451064,
    0.49732686808404825,
    2.044989775051125,
    1.2351397251814111,
    1.3766993632765445,
    4.662004662004662
  ],
  "early_stopping_metric": "validation_macro_f1"
}