{
  "model": "distilbert",
  "split": "test",
  "num_examples": 2000,
  "accuracy": 0.9205,
  "macro_f1": 0.8837433089220146,
  "weighted_f1": 0.9221556791468287,
  "label_names": [
    "sadness",
    "joy",
    "love",
    "anger",
    "fear",
    "surprise"
  ],
  "per_class": {
    "sadness": {
      "precision": 0.9801801801801802,
      "recall": 0.9363166953528399,
      "f1": 0.9577464788732394,
      "support": 581
    },
    "joy": {
      "precision": 0.975346687211094,
      "recall": 0.9107913669064748,
      "f1": 0.9419642857142857,
      "support": 695
    },
    "love": {
      "precision": 0.772020725388601,
      "recall": 0.9371069182389937,
      "f1": 0.8465909090909091,
      "support": 159
    },
    "anger": {
      "precision": 0.9035714285714286,
      "recall": 0.92,
      "f1": 0.9117117117117117,
      "support": 275
    },
    "fear": {
      "precision": 0.836,
      "recall": 0.9330357142857143,
      "f1": 0.8818565400843882,
      "support": 224
    },
    "surprise": {
      "precision": 0.726027397260274,
      "recall": 0.803030303030303,
      "f1": 0.762589928057554,
      "support": 66
    }
  }
}