{
  "model": "distilbert",
  "split": "test",
  "num_examples": 2000,
  "accuracy": 0.928,
  "macro_f1": 0.8919521169420498,
  "weighted_f1": 0.9298972800434722,
  "label_names": [
    "sadness",
    "joy",
    "love",
    "anger",
    "fear",
    "surprise"
  ],
  "per_class": {
    "sadness": {
      "precision": 0.9770318021201413,
      "recall": 0.9518072289156626,
      "f1": 0.9642545771578029,
      "support": 581
    },
    "joy": {
      "precision": 0.9800918836140888,
      "recall": 0.920863309352518,
      "f1": 0.9495548961424333,
      "support": 695
    },
    "love": {
      "precision": 0.7727272727272727,
      "recall": 0.9622641509433962,
      "f1": 0.8571428571428571,
      "support": 159
    },
    "anger": {
      "precision": 0.9148936170212766,
      "recall": 0.9381818181818182,
      "f1": 0.926391382405745,
      "support": 275
    },
    "fear": {
      "precision": 0.9138755980861244,
      "recall": 0.8526785714285714,
      "f1": 0.8822170900692841,
      "support": 224
    },
    "surprise": {
      "precision": 0.6630434782608695,
      "recall": 0.9242424242424242,
      "f1": 0.7721518987341772,
      "support": 66
    }
  }
}