Model,Final epoch,Train loss,Val. accuracy,Val. macro F1
DistilBERT fine-tune,3,0.14173707717305256,0.92625,0.901652903493269
LSTM from scratch,8,0.22995368623071247,0.881875,0.8565805775543597
GloVe MLP,13,1.4536277612050374,0.415,0.3627741037305022
