Model,Final epoch,Train loss,Val. accuracy,Val. macro F1
DistilBERT fine-tune,3,0.12898949799872936,0.935,0.9121961754143668
LSTM from scratch,8,0.2112183237373829,0.9035,0.8806034654638125
GloVe MLP,15,1.435959993839264,0.4385,0.38384910126565264
