template,accuracy,macro_f1,weighted_f1,agreement_with_default
This text expresses {}.,0.4795,0.37252146271385755,0.49271612713292884,1.0
"Overall, the speaker feels {}.",0.465,0.3723471256179702,0.49384838365704375,0.644
The writer is feeling {}.,0.5065,0.3697094803024685,0.5091702234157239,0.749
The emotion of this text is {}.,0.4445,0.3489982729680125,0.4710215363787488,0.71
This statement conveys {}.,0.423,0.3435555289914744,0.44949584893237127,0.718
