{
  "model": "glove_mlp",
  "split": "test",
  "num_examples": 2000,
  "accuracy": 0.427,
  "macro_f1": 0.3673250683574467,
  "weighted_f1": 0.44741937000039783,
  "label_names": [
    "sadness",
    "joy",
    "love",
    "anger",
    "fear",
    "surprise"
  ],
  "per_class": {
    "sadness": {
      "precision": 0.5389344262295082,
      "recall": 0.45266781411359724,
      "f1": 0.4920486435921422,
      "support": 581
    },
    "joy": {
      "precision": 0.6766595289079229,
      "recall": 0.4546762589928058,
      "f1": 0.5438898450946644,
      "support": 695
    },
    "love": {
      "precision": 0.23054755043227665,
      "recall": 0.5031446540880503,
      "f1": 0.31620553359683795,
      "support": 159
    },
    "anger": {
      "precision": 0.36929460580912865,
      "recall": 0.3236363636363636,
      "f1": 0.3449612403100775,
      "support": 275
    },
    "fear": {
      "precision": 0.29152542372881357,
      "recall": 0.38392857142857145,
      "f1": 0.33140655105973027,
      "support": 224
    },
    "surprise": {
      "precision": 0.12345679012345678,
      "recall": 0.30303030303030304,
      "f1": 0.17543859649122806,
      "support": 66
    }
  }
}