{
  "model": "glove_mlp",
  "split": "test",
  "num_examples": 2000,
  "accuracy": 0.451,
  "macro_f1": 0.37671552593450386,
  "weighted_f1": 0.46153209873245526,
  "label_names": [
    "sadness",
    "joy",
    "love",
    "anger",
    "fear",
    "surprise"
  ],
  "per_class": {
    "sadness": {
      "precision": 0.606508875739645,
      "recall": 0.3528399311531842,
      "f1": 0.44613710554951036,
      "support": 581
    },
    "joy": {
      "precision": 0.6209912536443148,
      "recall": 0.6129496402877698,
      "f1": 0.6169442433019551,
      "support": 695
    },
    "love": {
      "precision": 0.2569444444444444,
      "recall": 0.46540880503144655,
      "f1": 0.33109619686800895,
      "support": 159
    },
    "anger": {
      "precision": 0.38016528925619836,
      "recall": 0.33454545454545453,
      "f1": 0.35589941972920697,
      "support": 275
    },
    "fear": {
      "precision": 0.27741935483870966,
      "recall": 0.38392857142857145,
      "f1": 0.32209737827715357,
      "support": 224
    },
    "surprise": {
      "precision": 0.13970588235294118,
      "recall": 0.2878787878787879,
      "f1": 0.18811881188118812,
      "support": 66
    }
  }
}