{
  "model": "zero_shot",
  "split": "test",
  "num_examples": 2000,
  "accuracy": 0.4795,
  "macro_f1": 0.37252146271385755,
  "weighted_f1": 0.49271612713292884,
  "label_names": [
    "sadness",
    "joy",
    "love",
    "anger",
    "fear",
    "surprise"
  ],
  "per_class": {
    "sadness": {
      "precision": 0.5312066574202496,
      "recall": 0.6592082616179001,
      "f1": 0.5883256528417818,
      "support": 581
    },
    "joy": {
      "precision": 0.7337164750957854,
      "recall": 0.5510791366906475,
      "f1": 0.6294165981922761,
      "support": 695
    },
    "love": {
      "precision": 0.25862068965517243,
      "recall": 0.18867924528301888,
      "f1": 0.21818181818181817,
      "support": 159
    },
    "anger": {
      "precision": 0.5851063829787234,
      "recall": 0.2,
      "f1": 0.2981029810298103,
      "support": 275
    },
    "fear": {
      "precision": 0.35714285714285715,
      "recall": 0.35714285714285715,
      "f1": 0.35714285714285715,
      "support": 224
    },
    "surprise": {
      "precision": 0.08668730650154799,
      "recall": 0.42424242424242425,
      "f1": 0.14395886889460155,
      "support": 66
    }
  }
}